venue_id,venue_name
1,"7he Sevens Stadium, Dubai"
2,AMI Stadium
3,"Achimota Senior Secondary School A Field, Accra"
4,"Achimota Senior Secondary School B Field, Accra"
5,Adelaide Oval
6,Affies Park
7,Al Amerat Cricket Ground Oman Cricket (Ministry Turf 1)
8,Al Amerat Cricket Ground Oman Cricket (Ministry Turf 2)
9,Amini Park
10,"Amini Park, Port Moresby"
11,Andhra Cricket Association-Visakhapatnam District Cricket Association Stadium
12,Antigua Recreation Ground
13,"Antigua Recreation Ground, St John's"
14,"Antigua Recreation Ground, St John's, Antigua"
15,Arbab Niaz Stadium
16,Arnos Vale Ground
17,"Arnos Vale Ground, Kingstown"
18,"Arnos Vale Ground, Kingstown, St Vincent"
19,Arun Jaitley Stadium
20,"Arun Jaitley Stadium, Delhi"
21,Asgiriya Stadium
22,Aurora Stadium
23,"Aurora Stadium, Launceston"
24,"Ballpark Ground, Graz"
25,Bangabandhu National Stadium
26,"Bangabandhu National Stadium, Dhaka"
27,Barabati Stadium
28,"Barabati Stadium, Cuttack"
29,Barsapara Cricket Stadium
30,"Barsapara Cricket Stadium, Guwahati"
31,Basin Reserve
32,"Basin Reserve, Wellington"
33,Bay Oval
34,"Bay Oval, Mount Maunganui"
35,Bayer Uerdingen Cricket Ground
36,"Bayuemas Oval, Kuala Lumpur"
37,"Beausejour Stadium, Gros Islet"
38,"Belgrano Athletic Club Ground, Buenos Aires"
39,Bellerive Oval
40,"Bellerive Oval, Hobart"
41,Bermuda National Stadium
42,Bert Sutcliffe Oval
43,Bharat Ratna Shri Atal Bihari Vajpayee Ekana Cricket Stadium
44,"Bharat Ratna Shri Atal Bihari Vajpayee Ekana Cricket Stadium, Lucknow"
45,"Bir Sreshtho Flight Lieutenant Matiur Rahman Stadium, Chattogram"
46,"Boland Bank Park, Paarl"
47,Boland Park
48,"Boland Park, Paarl"
49,"Botkyrka Cricket Center, Stockholm"
50,"Botswana Cricket Association Oval 1, Gaborone"
51,Brabourne Stadium
52,"Brabourne Stadium, Mumbai"
53,Bready
54,"Bready Cricket Club, Magheramason"
55,"Bready Cricket Club, Magheramason, Bready"
56,"Brian Lara Stadium, Tarouba"
57,"Brian Lara Stadium, Tarouba, Trinidad"
58,Brisbane Cricket Ground
59,"Brisbane Cricket Ground, Woolloongabba"
60,"Brisbane Cricket Ground, Woolloongabba, Brisbane"
61,Buffalo Park
62,"Buffalo Park, East London"
63,Bulawayo Athletic Club
64,"Bundaberg Rum Stadium, Cairns"
65,Cambusdoon New Ground
66,"Cambusdoon New Ground, Ayr"
67,Captain Roop Singh Stadium
68,"Captain Roop Singh Stadium, Gwalior"
69,Carisbrook
70,Carrara Oval
71,Castle Avenue
72,"Castle Avenue, Dublin"
73,"Cazaly's Stadium, Cairns"
74,Central Broward Regional Park Stadium Turf Ground
75,"Central Broward Regional Park Stadium Turf Ground, Lauderhill"
76,Chevrolet Park
77,Chittagong Divisional Stadium
78,"Choice Moosa Stadium, Pearland"
79,"City Oval, Pietermaritzburg"
80,"Civil Service Cricket Club, Stormont"
81,"Civil Service Cricket Club, Stormont, Belfast"
82,"Clayton Panama, Panama City"
83,Clontarf Cricket Club Ground
84,"Clontarf Cricket Club Ground, Dublin"
85,Cobham Oval (New)
86,College Field
87,"College Field, St Peter Port"
88,"Coolidge Cricket Ground, Antigua"
89,County Ground
90,"County Ground, Bristol"
91,"County Ground, Chelmsford"
92,Daren Sammy National Cricket Stadium
93,"Daren Sammy National Cricket Stadium, Gros Islet"
94,"Daren Sammy National Cricket Stadium, Gros Islet, St Lucia"
95,"Daren Sammy National Cricket Stadium, St Lucia"
96,"Darren Sammy National Cricket Stadium, Gros Islet"
97,"Darren Sammy National Cricket Stadium, St Lucia"
98,"Davies Park, Queenstown"
99,De Beers Diamond Oval
100,"De Beers Diamond Oval, Kimberley"
101,Desert Springs Cricket Ground
102,"Desert Springs Cricket Ground, Almeria"
103,Diamond Oval
104,"Diamond Oval, Kimberley"
105,Docklands Stadium
106,"Docklands Stadium, Melbourne"
107,Dr DY Patil Sports Academy
108,"Dr DY Patil Sports Academy, Mumbai"
109,"Dr DY Patil Sports Academy, Navi Mumbai"
110,Dr. Y.S. Rajasekhara Reddy ACA-VDCA Cricket Stadium
111,"Dr. Y.S. Rajasekhara Reddy ACA-VDCA Cricket Stadium, Visakhapatnam"
112,Dreux Sport Cricket Club
113,Dubai International Cricket Stadium
114,Dubai Sports City Cricket Stadium
115,Eden Gardens
116,"Eden Gardens, Kolkata"
117,Eden Park
118,"Eden Park, Auckland"
119,Edgbaston
120,"Edgbaston, Birmingham"
121,Entebbe Cricket Oval
122,Estonian National Cricket and Rugby Field
123,Europa Sports Complex
124,"Faleata Oval No 2, Apia"
125,Feroz Shah Kotla
126,"Forthill, Dundee"
127,"GB Oval, Szodliget"
128,"GMHBA Stadium, South Geelong, Victoria"
129,Gaddafi Stadium
130,"Gaddafi Stadium, Lahore"
131,"Gahanga International Cricket Stadium, Rwanda"
132,Gahanga International Cricket Stadium. Rwanda
133,Galle International Stadium
134,Geelong Cricket Ground
135,Gelephu International Cricket Ground
136,"Goldenacre, Edinburgh"
137,Goodyear Park
138,"Goodyear Park, Bloemfontein"
139,"Grainville, St Saviour"
140,"Grand Prairie Stadium, Dallas"
141,"Grange Cricket Club Ground, Raeburn Place"
142,"Grange Cricket Club Ground, Raeburn Place, Edinburgh"
143,"Grange Cricket Club, Raeburn Place"
144,"Great Barrier Reef Arena, Mackay"
145,Green Park
146,"Green Park, Kanpur"
147,Greenfield International Stadium
148,"Greenfield International Stadium, Thiruvananthapuram"
149,Gucherre Cricket Ground
150,"Guernsey Rovers Athletic Club Ground, Port Soif"
151,Gymkhana Club Ground
152,"Gymkhana Club Ground, Dar-es-Salaam"
153,"Gymkhana Club Ground, Nairobi"
154,Hagley Oval
155,"Hagley Oval, Christchurch"
156,Happy Valley Ground
157,Happy Valley Ground 2
158,Harare Sports Club
159,Hazelaarweg
160,"Hazelaarweg, Rotterdam"
161,Headingley
162,"Headingley, Leeds"
163,Himachal Pradesh Cricket Association Stadium
164,"Himachal Pradesh Cricket Association Stadium, Dharamsala"
165,Holkar Cricket Stadium
166,"Holkar Cricket Stadium, Indore"
167,"Hurlingham Club Ground, Buenos Aires"
168,ICC Academy
169,ICC Academy Ground No 2
170,"ICC Academy, Dubai"
171,ICC Global Cricket Academy
172,"Independence Park, Port Vila"
173,Indian Association Ground
174,"Indian Association Ground, Singapore"
175,Indian Petrochemicals Corporation Limited Sports Complex Ground
176,Integrated Polytechnic Regional Centre
177,International Sports Stadium
178,"International Sports Stadium, Coffs Harbour"
179,Iqbal Stadium
180,"Iqbal Stadium, Faisalabad"
181,"Ishoj Cricket Club, Vejledalen"
182,JSCA International Stadium Complex
183,"JSCA International Stadium Complex, Ranchi"
184,Jade Stadium
185,"Jade Stadium, Christchurch"
186,Jaffery Sports Club Ground
187,"Jimmy Powell Oval, Cayman Islands"
188,Jinja Cricket Ground
189,John Davies Oval
190,"John Davies Oval, Queenstown"
191,"Junction Oval, Melbourne"
192,Keenan Stadium
193,Kennington Oval
194,"Kennington Oval, London"
195,Kensington Oval
196,"Kensington Oval, Barbados"
197,"Kensington Oval, Bridgetown"
198,"Kensington Oval, Bridgetown, Barbados"
199,Kerava National Cricket Ground
200,Khan Shaheb Osman Ali Stadium
201,King George V Sports Ground
202,"King George V Sports Ground, Castel"
203,Kingsmead
204,"Kingsmead, Durban"
205,Kinrara Academy Oval
206,Koge Cricket Club
207,"Kotambi Stadium, Vadodara"
208,Kyambogo Cricket Oval
209,La Manga Club Bottom Ground
210,La Manga Club Top Ground
211,"Lal Bahadur Shastri Stadium, Hyderabad, Deccan"
212,"Lavington Sports Oval, Albury"
213,Lisicji Jarak Cricket Ground
214,Lord's
215,"Lord's, London"
216,Los Reyes Polo Club
217,Lugogo Cricket Oval
218,M Chinnaswamy Stadium
219,"M Chinnaswamy Stadium, Bangalore"
220,"M Chinnaswamy Stadium, Bengaluru"
221,M.Chinnaswamy Stadium
222,MA Aziz Stadium
223,"MA Aziz Stadium, Chittagong"
224,MA Chidambaram Stadium
225,"MA Chidambaram Stadium, Chepauk"
226,"MA Chidambaram Stadium, Chepauk, Chennai"
227,Madhavrao Scindia Cricket Ground
228,"Maharaja Yadavindra Singh International Cricket Stadium, Mullanpur"
229,"Maharaja Yadavindra Singh International Cricket Stadium, New Chandigarh"
230,Maharani Usharaje Trust Cricket Ground
231,Maharashtra Cricket Association Stadium
232,"Maharashtra Cricket Association Stadium, Pune"
233,"Mahinda Rajapaksa International Cricket Stadium, Sooriyawewa"
234,Malahide
235,"Malahide, Dublin"
236,Malkerns Country Club oval
237,Mangaung Oval
238,"Mangaung Oval, Bloemfontein"
239,Mannofield Park
240,"Mannofield Park, Aberdeen"
241,Manuka Oval
242,"Manuka Oval, Canberra"
243,"Maple Leaf North-East Ground, King City"
244,Maple Leaf North-West Ground
245,"Maple Leaf North-West Ground, King City"
246,Marrara Cricket Ground
247,"Marrara Cricket Ground, Darwin"
248,"Marrara Stadium, Darwin"
249,Marsa Sports Club
250,McLean Park
251,"McLean Park, Napier"
252,"Meersen, Gent"
253,Melbourne Cricket Ground
254,"Mission Road Ground, Mong Kok"
255,"Mission Road Ground, Mong Kok, Hong Kong"
256,"Mladost Cricket Ground, Zagreb"
257,Moara Vlasiei Cricket Ground
258,"Moara Vlasiei Cricket Ground, Ilfov County"
259,Mombasa Sports Club Ground
260,"Moosa Cricket Stadium, Pearland"
261,Moses Mabhida Stadium
262,Mulpani Cricket Ground
263,Multan Cricket Stadium
264,Nahar Singh Stadium
265,"Nahar Singh Stadium, Faridabad"
266,"Namibia Cricket Ground, Windhoek"
267,Narayanganj Osmani Stadium
268,Narendra Modi Stadium
269,"Narendra Modi Stadium, Ahmedabad"
270,"Nassau County International Cricket Stadium, New York"
271,National Cricket Stadium
272,"National Cricket Stadium, Grenada"
273,"National Cricket Stadium, St George's"
274,"National Cricket Stadium, St George's, Grenada"
275,"National Sports Academy, Sofia"
276,National Stadium
277,"National Stadium, Hamilton"
278,"National Stadium, Karachi"
279,Nehru Stadium
280,"Nehru Stadium, Fatorda"
281,"Nehru Stadium, Poona"
282,New Wanderers Stadium
283,"New Wanderers Stadium, Johannesburg"
284,Newlands
285,"Newlands, Cape Town"
286,"Niaz Stadium, Hyderabad"
287,"Nigeria Cricket Federation Oval 1, Abuja"
288,"Nigeria Cricket Federation Oval 2, Abuja"
289,"Niranjan Shah Stadium, Rajkot"
290,"North Sydney Oval, Sydney"
291,"North West Cricket Stadium, Potchefstroom"
292,OUTsurance Oval
293,Old Hararians
294,Old Trafford
295,"Old Trafford, Manchester"
296,P Sara Oval
297,P Saravanamuttu Stadium
298,Pallekele International Cricket Stadium
299,Perth Stadium
300,Pierre Werner Cricket Ground
301,Prairie View Cricket Complex
302,Providence Stadium
303,"Providence Stadium, Guyana"
304,Punjab Cricket Association IS Bindra Stadium
305,"Punjab Cricket Association IS Bindra Stadium, Mohali"
306,"Punjab Cricket Association IS Bindra Stadium, Mohali, Chandigarh"
307,"Punjab Cricket Association Stadium, Mohali"
308,"Punjab Cricket Association Stadium, Mohali, Chandigarh"
309,"Queen's Park (New), St George's, Grenada"
310,Queen's Park Oval
311,"Queen's Park Oval, Port of Spain"
312,"Queen's Park Oval, Port of Spain, Trinidad"
313,"Queen's Park Oval, Trinidad"
314,Queens Sports Club
315,"Queens Sports Club, Bulawayo"
316,Queenstown Events Centre
317,R Premadasa Stadium
318,"R Premadasa Stadium, Colombo"
319,R.Premadasa Stadium
320,"R.Premadasa Stadium, Khettarama"
321,Rajiv Gandhi International Stadium
322,"Rajiv Gandhi International Stadium, Uppal"
323,"Rajiv Gandhi International Stadium, Uppal, Hyderabad"
324,Rangiri Dambulla International Stadium
325,Rawalpindi Cricket Stadium
326,"Reforma Athletic Club, Naucalpan"
327,Reliance Stadium
328,Riverside Ground
329,"Riverside Ground, Chester-le-Street"
330,"Riverway Stadium, Townsville"
331,Roma Cricket Ground
332,"Royal Brussels Cricket Club Ground, Waterloo"
333,Ruaraka Sports Club Ground
334,"Ruaraka Sports Club Ground, Nairobi"
335,"Sabina Park, Jamaica"
336,"Sabina Park, Kingston"
337,"Sabina Park, Kingston, Jamaica"
338,Sano International Cricket Ground
339,Santarem Cricket Ground
340,Sao Fernando Polo and Cricket Club
341,"Sao Fernando Polo and Cricket Club, Campo Sede"
342,"Sardar Patel (Gujarat) Stadium, Motera"
343,Sardar Patel Stadium
344,"Sardar Patel Stadium, Motera"
345,Saurashtra Cricket Association Stadium
346,"Saurashtra Cricket Association Stadium, Rajkot"
347,Sawai Mansingh Stadium
348,"Sawai Mansingh Stadium, Jaipur"
349,Saxton Oval
350,"Saxton Oval, Nelson"
351,"Scott Page Field, Vinor"
352,Sector 16 Stadium
353,Seddon Park
354,"Seddon Park, Hamilton"
355,Sedgars Park
356,"Sedgars Park, Potchefstroom"
357,"Selangor Turf Club, Kuala Lumpur"
358,Senwes Park
359,"Senwes Park, Potchefstroom"
360,Shaheed Chandu Stadium
361,Shaheed Veer Narayan Singh International Stadium
362,"Shaheed Veer Narayan Singh International Stadium, Raipur"
363,Sharjah Cricket Association Stadium
364,Sharjah Cricket Stadium
365,Sheikh Abu Naser Stadium
366,"Sheikh Abu Naser Stadium, Khulna"
367,Sheikh Zayed Stadium
368,"Sheikh Zayed Stadium, Abu Dhabi"
369,Sheikhupura Stadium
370,Sher-e-Bangla National Cricket Stadium
371,Shere Bangla National Stadium
372,"Shere Bangla National Stadium, Mirpur"
373,"Shrimant Madhavrao Scindia Cricket Stadium, Gwalior"
374,"Sikh Union Club Ground, Nairobi"
375,"Simar Cricket Ground, Rome"
376,"Simonds Stadium, South Geelong"
377,"Simonds Stadium, South Geelong, Victoria"
378,Singapore National Cricket Ground
379,Sinhalese Sports Club
380,Sinhalese Sports Club Ground
381,"Sinhalese Sports Club Ground, Colombo"
382,Sir Vivian Richards Stadium
383,"Sir Vivian Richards Stadium, Antigua"
384,"Sir Vivian Richards Stadium, North Sound"
385,"Sir Vivian Richards Stadium, North Sound, Antigua"
386,Sky Stadium
387,"Sky Stadium, Wellington"
388,"Solvangs Park, Glostrup"
389,Sophia Gardens
390,"Sophia Gardens, Cardiff"
391,Sportpark Het Schootsveld
392,"Sportpark Het Schootsveld, Deventer"
393,Sportpark Maarschalkerweerd
394,"Sportpark Maarschalkerweerd, Utrecht"
395,Sportpark Westvliet
396,"Sportpark Westvliet, The Hague"
397,"Sportpark Westvliet, Voorburg"
398,"St Albans Club, Buenos Aires"
399,"St George's College Ground, Buenos Aires"
400,St George's Park
401,"St George's Park, Gqeberha"
402,"St George's Park, Port Elizabeth"
403,St Georges Quilmes
404,St Lawrence Ground
405,"St Lawrence Ground, Canterbury"
406,Stadium Australia
407,"Stars Arena Hofstade, Zemst"
408,"Stubberudmyra Cricket Ground, Oslo"
409,Subrata Roy Sahara Stadium
410,SuperSport Park
411,"SuperSport Park, Centurion"
412,"Svanholm Park, Brondby"
413,Sydney Cricket Ground
414,Sydney Showground Stadium
415,Sylhet International Cricket Stadium
416,Sylhet Stadium
417,"TCA Oval, Blantyre"
418,"Tafawa Balewa Square Cricket Oval, Lagos"
419,"Takashinga Sports Club, Highfield, Harare"
420,Ted Summerton Reserve
421,Terdthai Cricket Ground
422,"Terdthai Cricket Ground, Bangkok"
423,The Cooper Associates County Ground
424,The Rose Bowl
425,"The Rose Bowl, Southampton"
426,"The Royal & Sun Alliance County Ground, Bristol"
427,"The Village, Malahide"
428,"The Village, Malahide, Dublin"
429,The Wanderers Stadium
430,"The Wanderers Stadium, Johannesburg"
431,Tikkurila Cricket Ground
432,Titwood
433,"Titwood, Glasgow"
434,Tolerance Oval
435,Tony Ireland Stadium
436,"Tony Ireland Stadium, Townsville"
437,"Toronto Cricket, Skating and Curling Club"
438,Traeger Park
439,Trent Bridge
440,"Trent Bridge, Nottingham"
441,Tribhuvan University International Cricket Ground
442,"Tribhuvan University International Cricket Ground, Kirtipur"
443,"UKM-YSD Cricket Oval, Bangi"
444,Udayana Cricket Ground
445,United Cricket Club Ground
446,"United Cricket Club Ground, Windhoek"
447,University Oval
448,"University Oval, Dunedin"
449,University of Dar-es-Salaam Ground
450,University of Doha for Science and Technology
451,University of Lagos Cricket Oval
452,"University of Tasmania Stadium, Launceston"
453,VRA Cricket Ground
454,VRA Ground
455,"VRA Ground, Amstelveen"
456,"Vassil Levski National Sports Academy, Sofia"
457,"Velden Cricket Ground, Latschach"
458,Vidarbha C.A. Ground
459,Vidarbha Cricket Association Ground
460,"Vidarbha Cricket Association Stadium, Jamtha"
461,"Vidarbha Cricket Association Stadium, Jamtha, Nagpur"
462,W.A.C.A. Ground
463,Wanderers
464,Wanderers Cricket Ground
465,"Wanderers Cricket Ground, Windhoek"
466,Wankhede Stadium
467,"Wankhede Stadium, Mumbai"
468,"Warner Park, Basseterre"
469,"Warner Park, Basseterre, St Kitts"
470,"Warner Park, St Kitts"
471,"West End Park International Cricket Stadium, Doha"
472,Western Australia Cricket Association Ground
473,"Western Australia Cricket Association Ground, Perth"
474,"Westpac Park, Hamilton"
475,Westpac Stadium
476,"Westpac Stadium, Wellington"
477,"White Hill Field, Sandys Parish"
478,Willowmoore Park
479,"Willowmoore Park, Benoni"
480,"Windsor Park, Roseau"
481,"Windsor Park, Roseau, Dominica"
482,"YSD-UKM Cricket Oval, Bangi"
483,"Yeonhui Cricket Ground, Incheon"
484,Zahur Ahmed Chowdhury Stadium
485,"Zahur Ahmed Chowdhury Stadium, Chattogram"
486,"Zahur Ahmed Chowdhury Stadium, Chittagong"
487,"Zayed Cricket Stadium, Abu Dhabi"
488,Zhejiang University of Technology Cricket Field
489,Zohur Ahmed Chowdhury Stadium
